{
    "task_index": {
        "min": [
            0
        ],
        "max": [
            0
        ],
        "mean": [
            0.0
        ],
        "std": [
            0.0
        ],
        "count": [
            9504
        ],
        "q01": [
            3.999999999999417e-16
        ],
        "q10": [
            3.9999999999994166e-15
        ],
        "q50": [
            1.9999999999997088e-14
        ],
        "q90": [
            3.5999999999994754e-14
        ],
        "q99": [
            3.959999999999424e-14
        ]
    },
    "timestamp": {
        "min": [
            0.0
        ],
        "max": [
            17.458333333333332
        ],
        "mean": [
            6.7471547067901225
        ],
        "std": [
            4.079468036658512
        ],
        "count": [
            9504
        ],
        "q01": [
            0.11539097484208312
        ],
        "q10": [
            1.3307948205215736
        ],
        "q50": [
            6.737034724852545
        ],
        "q90": [
            12.158870916711809
        ],
        "q99": [
            13.378918438738161
        ]
    },
    "index": {
        "min": [
            0
        ],
        "max": [
            9503
        ],
        "mean": [
            4751.5
        ],
        "std": [
            2743.568464002068
        ],
        "count": [
            9504
        ],
        "q01": [
            4592.337670435506
        ],
        "q10": [
            4621.5073627314005
        ],
        "q50": [
            4751.257120433502
        ],
        "q90": [
            4881.381189036276
        ],
        "q99": [
            4910.662329564494
        ]
    },
    "observation.images.overhead": {
        "min": [
            [
                [
                    0.0
                ]
            ],
            [
                [
                    0.0
                ]
            ],
            [
                [
                    0.0
                ]
            ]
        ],
        "max": [
            [
                [
                    1.0
                ]
            ],
            [
                [
                    1.0
                ]
            ],
            [
                [
                    1.0
                ]
            ]
        ],
        "mean": [
            [
                [
                    0.4283379089052286
                ]
            ],
            [
                [
                    0.4398754244961874
                ]
            ],
            [
                [
                    0.41941498032407404
                ]
            ]
        ],
        "std": [
            [
                [
                    0.04486875775549898
                ]
            ],
            [
                [
                    0.043247212843826065
                ]
            ],
            [
                [
                    0.04430065734743222
                ]
            ]
        ],
        "count": [
            3000
        ],
        "q01": [
            [
                [
                    0.06356113709796662
                ]
            ],
            [
                [
                    0.10209250821710361
                ]
            ],
            [
                [
                    0.053852507795364005
                ]
            ]
        ],
        "q10": [
            [
                [
                    0.20377086177596204
                ]
            ],
            [
                [
                    0.22986605102828273
                ]
            ],
            [
                [
                    0.16849105925331057
                ]
            ]
        ],
        "q50": [
            [
                [
                    0.46954516455645656
                ]
            ],
            [
                [
                    0.48732905966789986
                ]
            ],
            [
                [
                    0.4793545739900052
                ]
            ]
        ],
        "q90": [
            [
                [
                    0.5978677167195028
                ]
            ],
            [
                [
                    0.5957054219034098
                ]
            ],
            [
                [
                    0.5989082015972493
                ]
            ]
        ],
        "q99": [
            [
                [
                    0.6753136893221697
                ]
            ],
            [
                [
                    0.6520446662784765
                ]
            ],
            [
                [
                    0.6483692072214876
                ]
            ]
        ]
    },
    "episode_index": {
        "min": [
            0
        ],
        "max": [
            29
        ],
        "mean": [
            15.14888468013468
        ],
        "std": [
            8.578172961970933
        ],
        "count": [
            9504
        ],
        "q01": [
            15.14888468013468
        ],
        "q10": [
            15.148884680134683
        ],
        "q50": [
            15.148884680134696
        ],
        "q90": [
            15.148884680134714
        ],
        "q99": [
            15.148884680134723
        ]
    },
    "action": {
        "min": [
            1.262744426727295,
            -2.3557069301605225,
            -2.227449893951416,
            -1.7775331735610962,
            -4.900380611419678,
            -2.83410382270813,
            0.0
        ],
        "max": [
            2.4760165214538574,
            -1.3181558847427368,
            -1.2222914695739746,
            -0.032769158482551575,
            -4.47696590423584,
            -1.4320038557052612,
            0.06700000166893005
        ],
        "mean": [
            1.7223403682110687,
            -1.9433304226333243,
            -1.8340142176232554,
            -0.8600878620689566,
            -4.676274340210941,
            -2.026321226523982,
            0.03950001387888259
        ],
        "std": [
            0.32234416637676194,
            0.3112158833569003,
            0.21112382546516645,
            0.43550126067388634,
            0.053600865361984176,
            0.3665656482249862,
            0.030475164565293405
        ],
        "count": [
            9504
        ],
        "q01": [
            1.360053071257228,
            -2.310787552420414,
            -2.130332599428517,
            -1.6354292787377558,
            -4.79637424981278,
            -2.546645684324489,
            0.0030948673836383262
        ],
        "q10": [
            1.376627340237626,
            -2.2739537645645616,
            -2.085226406952665,
            -1.5241762706515714,
            -4.736761668454917,
            -2.5143443196877113,
            0.003716569337235214
        ],
        "q50": [
            1.623416051376084,
            -2.016313218755603,
            -1.8305318368312418,
            -0.7777185347250022,
            -4.6729163473846205,
            -1.8564616172947612,
            0.050094116851064206
        ],
        "q90": [
            2.1585151028769842,
            -1.493010399001086,
            -1.5463307471524532,
            -0.3669096508104141,
            -4.618120588053765,
            -1.6511798778298512,
            0.06699666414158888
        ],
        "q99": [
            2.1990547169056778,
            -1.4071644663833442,
            -1.4645797518307497,
            -0.28200874219375727,
            -4.582245806619779,
            -1.5815950817865654,
            0.06699966791619595
        ]
    },