{
    "observation.state": {
        "min": [
            1.1801332235336304,
            -2.355271100997925,
            -2.2345900535583496,
            -1.6269599199295044,
            -4.853307723999023,
            -1.7447270154953003,
            0.0
        ],
        "max": [
            2.2624926567077637,
            -1.1860105991363525,
            -1.1640820503234863,
            -0.126561239361763,
            -4.611141204833984,
            0.49204668402671814,
            0.06700000166893005
        ],
        "mean": [
            1.7356442213058472,
            -1.836342215538025,
            -1.7119823694229126,
            -1.0620540380477905,
            -4.695992946624756,
            -1.039990782737732,
            0.04151025414466858
        ],
        "std": [
            0.31112828850746155,
            0.32124972343444824,
            0.24197378754615784,
            0.4230850636959076,
            0.05598011985421181,
            0.8561499118804932,
            0.03229299187660217
        ],
        "count": [
            606
        ],
        "q01": [
            1.184036192893982,
            -2.354175181388855,
            -2.2293381834030153,
            -1.6269599199295044,
            -4.8412451171875,
            -1.7437458539009094,
            -1.000000013351432e-10
        ],
        "q10": [
            1.3828158140182496,
            -2.2469274282455443,
            -2.149634504318237,
            -1.6262606847286225,
            -4.772491836547852,
            -1.729395547934941,
            -1.000000013351432e-10
        ],
        "q50": [
            1.6775856018066406,
            -1.8602062463760376,
            -1.712396264076233,
            -1.1617363293965657,
            -4.696248245239258,
            -1.542970061302185,
            0.0665795440381428
        ],
        "q90": [
            2.1869873046875,
            -1.3853123360209996,
            -1.4440936591890123,
            -0.6248736619949341,
            -4.611548137664795,
            0.46395275592803953,
            0.0669949250575155
        ],
        "q99": [
            2.2592391395568847,
            -1.2136191987991334,
            -1.1940691184997558,
            -0.14186665858541217,
            -4.611289071128482,
            0.4875054999760219,
            0.0669994940077886
        ]
    },
    "action": {
        "min": [
            1.1801332235336304,
            -2.355271100997925,
            -2.2345900535583496,
            -1.6269599199295044,
            -4.853307723999023,
            -1.7447270154953003,
            0.0
        ],
        "max": [
            2.2624926567077637,
            -1.1860105991363525,
            -1.1640820503234863,
            -0.126561239361763,
            -4.611141204833984,
            0.49204668402671814,
            0.06700000166893005
        ],
        "mean": [
            1.7356442213058472,
            -1.836342215538025,
            -1.7119823694229126,
            -1.0620540380477905,
            -4.695992946624756,
            -1.039990782737732,
            0.04151025414466858
        ],
        "std": [
            0.31112828850746155,
            0.32124972343444824,
            0.24197378754615784,
            0.4230850636959076,
            0.05598011985421181,
            0.8561499118804932,
            0.03229299187660217
        ],
        "count": [
            606
        ],
        "q01": [
            1.184036192893982,
            -2.354175181388855,
            -2.2293381834030153,
            -1.6269599199295044,
            -4.8412451171875,
            -1.7437458539009094,
            -1.000000013351432e-10
        ],
        "q10": [
            1.3828158140182496,
            -2.2469274282455443,
            -2.149634504318237,
            -1.6262606847286225,
            -4.772491836547852,
            -1.729395547934941,
            -1.000000013351432e-10
        ],
        "q50": [
            1.6775856018066406,
            -1.8602062463760376,
            -1.712396264076233,
            -1.1617363293965657,
            -4.696248245239258,
            -1.542970061302185,
            0.0665795440381428
        ],
        "q90": [
            2.1869873046875,
            -1.3853123360209996,
            -1.4440936591890123,
            -0.6248736619949341,
            -4.611548137664795,
            0.46395275592803953,
            0.0669949250575155
        ],
        "q99": [
            2.2592391395568847,
            -1.2136191987991334,
            -1.1940691184997558,
            -0.14186665858541217,
            -4.611289071128482,
            0.4875054999760219,
            0.0669994940077886
        ]
    },
    "timestamp": {
        "min": [
            0.0
        ],
        "max": [
            25.208333333333332
        ],
        "mean": [
            12.604166666666668
        ],
        "std": [
            7.289037224312095
        ],
        "count": [
            606
        ],
        "q01": [
            0.247344166568629
        ],
        "q10": [
            2.4986499999198237
        ],
        "q50": [
            12.583999999999838
        ],
        "q90": [
            22.70968333341351
        ],
        "q99": [
            24.9609891667647
        ]
    },
    "frame_index": {
        "min": [
            0
        ],
        "max": [
            605
        ],
        "mean": [
            302.5
        ],
        "std": [
            174.93689338349034
        ],
        "count": [
            606
        ],
        "q01": [
            5.936259999901964
        ],
        "q10": [
            59.967599999919834
        ],
        "q50": [
            302.0159999999999
        ],
        "q90": [
            545.0324000000802
        ],
        "q99": [
            599.0637400000982
        ]
    },
    "episode_index": {
        "min": [
            0
        ],
        "max": [
            0
        ],
        "mean": [
            0.0
        ],
        "std": [
            0.0
        ],
        "count": [
            606
        ],
        "q01": [
            3.9999999999994176e-16
        ],
        "q10": [
            3.999999999999417e-15
        ],
        "q50": [
            1.9999999999997088e-14
        ],
        "q90": [
            3.5999999999994754e-14
        ],
        "q99": [
            3.959999999999423e-14
        ]
    },
    "index": {
        "min": [
            0
        ],
        "max": [
            605
        ],
        "mean": [
            302.5
        ],
        "std": [
            174.93689338349034
        ],
        "count": [
            606
        ],
        "q01": [
            5.936259999901964
        ],
        "q10": [
            59.967599999919834
        ],
        "q50": [
            302.0159999999999
        ],
        "q90": [
            545.0324000000802
        ],
        "q99": [
            599.0637400000982
        ]
    },
    "task_index": {
        "min": [
            0
        ],
        "max": [
            0
        ],
        "mean": [
            0.0
        ],
        "std": [
            0.0
        ],
        "count": [
            606
        ],
        "q01": [
            3.9999999999994176e-16
        ],
        "q10": [
            3.999999999999417e-15
        ],
        "q50": [
            1.9999999999997088e-14
        ],
        "q90": [
            3.5999999999994754e-14
        ],
        "q99": [
            3.959999999999423e-14
        ]
    },
    "observation.images.wrist_right": {
        "min": [
            [
                [
                    0.0
                ]
            ],
            [
                [
                    0.0
                ]
            ],
            [
                [
                    0.0
                ]
            ]
        ],